0,https://s3-us-west-1.amazonaws.com/propimage55/0.webp,Non consequuntur consequatur officiis ab dolor neque et.
1,https://s3-us-west-1.amazonaws.com/propimage55/1.webp,Ullam voluptatibus quo beatae consectetur voluptates quis.
2,https://s3-us-west-1.amazonaws.com/propimage55/2.webp,Quaerat ea distinctio voluptatem dolorem eius.
3,https://s3-us-west-1.amazonaws.com/propimage55/3.webp,Architecto perspiciatis aperiam velit tempora aut laudantium ut tempore est.
4,https://s3-us-west-1.amazonaws.com/propimage55/4.webp,Numquam repellendus nulla velit molestiae in.
5,https://s3-us-west-1.amazonaws.com/propimage55/5.webp,Tempora impedit quis veniam eligendi magnam labore natus cupiditate.
6,https://s3-us-west-1.amazonaws.com/propimage55/6.webp,Vel et laboriosam nesciunt quia quis.
7,https://s3-us-west-1.amazonaws.com/propimage55/7.webp,At id harum suscipit optio sequi veniam omnis corrupti.
8,https://s3-us-west-1.amazonaws.com/propimage55/8.webp,Odio dolorum qui.
9,https://s3-us-west-1.amazonaws.com/propimage55/9.webp,Possimus suscipit ut natus fuga quam.
